date,price
2018-10-01T00:00:00Z,8.4
2018-10-01T00:30:00Z,10.29
2018-10-01T01:00:00Z,10.5
2018-10-01T01:30:00Z,10.017
2018-10-01T02:00:00Z,12.81
2018-10-01T02:30:00Z,13.02
2018-10-01T03:00:00Z,13.65
2018-10-01T03:30:00Z,13.65
2018-10-01T04:00:00Z,13.65
2018-10-01T04:30:00Z,13.65
2018-10-01T05:00:00Z,15.75
2018-10-01T05:30:00Z,13.86
2018-10-01T06:00:00Z,14.322
2018-10-01T06:30:00Z,16.422
2018-10-01T07:00:00Z,18.522
2018-10-01T07:30:00Z,16.422
2018-10-01T08:00:00Z,14.91
2018-10-01T08:30:00Z,13.65
2018-10-01T09:00:00Z,13.23
2018-10-01T09:30:00Z,12.705
2018-10-01T10:00:00Z,12.705
2018-10-01T10:30:00Z,12.705
2018-10-01T11:00:00Z,13.65
2018-10-01T11:30:00Z,12.705
2018-10-01T12:00:00Z,13.44
2018-10-01T12:30:00Z,12.705
2018-10-01T13:00:00Z,12.348
2018-10-01T13:30:00Z,11.97
2018-10-01T14:00:00Z,11.928
2018-10-01T14:30:00Z,12.18
2018-10-01T15:00:00Z,25.305
2018-10-01T15:30:00Z,27.51
2018-10-01T16:00:00Z,27.72
2018-10-01T16:30:00Z,30.45
2018-10-01T17:00:00Z,30.198
2018-10-01T17:30:00Z,33.39
2018-10-01T18:00:00Z,19.257
2018-10-01T18:30:00Z,18.228
2018-10-01T19:00:00Z,14.49
2018-10-01T19:30:00Z,12.81
2018-10-01T20:00:00Z,13.02
2018-10-01T20:30:00Z,12.285
2018-10-01T21:00:00Z,12.39
2018-10-01T21:30:00Z,10.5
2018-10-01T22:00:00Z,13.167
2018-10-01T22:30:00Z,12.18
2018-10-01T23:00:00Z,10.5
2018-10-01T23:30:00Z,10.08
2018-10-02T00:00:00Z,8.484
2018-10-02T00:30:00Z,8.484
2018-10-02T01:00:00Z,8.421
2018-10-02T01:30:00Z,8.61
2018-10-02T02:00:00Z,8.379
2018-10-02T02:30:00Z,7.917
2018-10-02T03:00:00Z,8.316
2018-10-02T03:30:00Z,8.799
2018-10-02T04:00:00Z,11.13
2018-10-02T04:30:00Z,12.39
2018-10-02T05:00:00Z,13.671
2018-10-02T05:30:00Z,13.65
2018-10-02T06:00:00Z,12.474
2018-10-02T06:30:00Z,14.637
2018-10-02T07:00:00Z,15.12
2018-10-02T07:30:00Z,13.419
2018-10-02T08:00:00Z,15.33
2018-10-02T08:30:00Z,13.566
2018-10-02T09:00:00Z,13.65
2018-10-02T09:30:00Z,12.81
2018-10-02T10:00:00Z,13.44
2018-10-02T10:30:00Z,13.02
2018-10-02T11:00:00Z,13.44
2018-10-02T11:30:00Z,12.852
2018-10-02T12:00:00Z,12.852
2018-10-02T12:30:00Z,12.432
2018-10-02T13:00:00Z,12.81
2018-10-02T13:30:00Z,12.243
2018-10-02T14:00:00Z,11.844
2018-10-02T14:30:00Z,12.768
2018-10-02T15:00:00Z,24.906
2018-10-02T15:30:00Z,26.46
2018-10-02T16:00:00Z,25.494
2018-10-02T16:30:00Z,28.14
2018-10-02T17:00:00Z,28.329
2018-10-02T17:30:00Z,31.521
2018-10-02T18:00:00Z,19.53
2018-10-02T18:30:00Z,18.501
2018-10-02T19:00:00Z,16.17
2018-10-02T19:30:00Z,12.936
2018-10-02T20:00:00Z,13.86
2018-10-02T20:30:00Z,13.125
2018-10-02T21:00:00Z,13.65
2018-10-02T21:30:00Z,12.18
2018-10-02T22:00:00Z,12.999
2018-10-02T22:30:00Z,11.97
2018-10-02T23:00:00Z,11.34
2018-10-02T23:30:00Z,10.71
2018-10-03T00:00:00Z,11.34
2018-10-03T00:30:00Z,11.55
2018-10-03T01:00:00Z,11.55
2018-10-03T01:30:00Z,11.76
2018-10-03T02:00:00Z,13.86
2018-10-03T02:30:00Z,13.86
2018-10-03T03:00:00Z,13.86
2018-10-03T03:30:00Z,14.91
2018-10-03T04:00:00Z,14.7
2018-10-03T04:30:00Z,14.679
2018-10-03T05:00:00Z,16.17
2018-10-03T05:30:00Z,15.54
2018-10-03T06:00:00Z,14.742
2018-10-03T06:30:00Z,17.85
2018-10-03T07:00:00Z,18.69
2018-10-03T07:30:00Z,17.43
2018-10-03T08:00:00Z,17.661
2018-10-03T08:30:00Z,16.023
2018-10-03T09:00:00Z,15.519
2018-10-03T09:30:00Z,14.259
2018-10-03T10:00:00Z,14.7
2018-10-03T10:30:00Z,14.196
2018-10-03T11:00:00Z,15.54
2018-10-03T11:30:00Z,14.07
2018-10-03T12:00:00Z,14.7
2018-10-03T12:30:00Z,13.503
2018-10-03T13:00:00Z,13.944
2018-10-03T13:30:00Z,12.81
2018-10-03T14:00:00Z,11.886
2018-10-03T14:30:00Z,12.39
2018-10-03T15:00:00Z,25.62
2018-10-03T15:30:00Z,28.14
2018-10-03T16:00:00Z,26.04
2018-10-03T16:30:00Z,29.4
2018-10-03T17:00:00Z,30.24
2018-10-03T17:30:00Z,31.5
2018-10-03T18:00:00Z,18.9
2018-10-03T18:30:00Z,17.85
2018-10-03T19:00:00Z,16.8
2018-10-03T19:30:00Z,12.306
2018-10-03T20:00:00Z,14.007
2018-10-03T20:30:00Z,13.188
2018-10-03T21:00:00Z,13.23
2018-10-03T21:30:00Z,12.18
2018-10-03T22:00:00Z,14.49
2018-10-03T22:30:00Z,14.175
2018-10-03T23:00:00Z,13.02
2018-10-03T23:30:00Z,11.34
2018-10-04T00:00:00Z,11.76
2018-10-04T00:30:00Z,12.18
2018-10-04T01:00:00Z,12.432
2018-10-04T01:30:00Z,11.34
2018-10-04T02:00:00Z,12.6
2018-10-04T02:30:00Z,11.76
2018-10-04T03:00:00Z,12.39
2018-10-04T03:30:00Z,12.6
2018-10-04T04:00:00Z,15.96
2018-10-04T04:30:00Z,15.96
2018-10-04T05:00:00Z,15.939
2018-10-04T05:30:00Z,15.75
2018-10-04T06:00:00Z,14.07
2018-10-04T06:30:00Z,18.48
2018-10-04T07:00:00Z,17.136
2018-10-04T07:30:00Z,14.7
2018-10-04T08:00:00Z,17.22
2018-10-04T08:30:00Z,14.7
2018-10-04T09:00:00Z,14.7
2018-10-04T09:30:00Z,12.39
2018-10-04T10:00:00Z,14.637
2018-10-04T10:30:00Z,13.083
2018-10-04T11:00:00Z,14.28
2018-10-04T11:30:00Z,12.558
2018-10-04T12:00:00Z,12.6
2018-10-04T12:30:00Z,11.802
2018-10-04T13:00:00Z,11.76
2018-10-04T13:30:00Z,11.34
2018-10-04T14:00:00Z,12.18
2018-10-04T14:30:00Z,13.23
2018-10-04T15:00:00Z,25.62
2018-10-04T15:30:00Z,28.14
2018-10-04T16:00:00Z,26.376
2018-10-04T16:30:00Z,30.03
2018-10-04T17:00:00Z,28.98
2018-10-04T17:30:00Z,32.34
2018-10-04T18:00:00Z,19.95
2018-10-04T18:30:00Z,18.9
2018-10-04T19:00:00Z,17.64
2018-10-04T19:30:00Z,13.104
2018-10-04T20:00:00Z,16.38
2018-10-04T20:30:00Z,14.196
2018-10-04T21:00:00Z,14.07
2018-10-04T21:30:00Z,12.6
2018-10-04T22:00:00Z,13.44
2018-10-04T22:30:00Z,13.104
2018-10-04T23:00:00Z,13.02
2018-10-04T23:30:00Z,12.495
2018-10-05T00:00:00Z,12.18
2018-10-05T00:30:00Z,12.936
2018-10-05T01:00:00Z,12.936
2018-10-05T01:30:00Z,11.928
2018-10-05T02:00:00Z,12.6
2018-10-05T02:30:00Z,12.432
2018-10-05T03:00:00Z,12.264
2018-10-05T03:30:00Z,11.802
2018-10-05T04:00:00Z,12.558
2018-10-05T04:30:00Z,12.747
2018-10-05T05:00:00Z,14.7
2018-10-05T05:30:00Z,14.784
2018-10-05T06:00:00Z,13.146
2018-10-05T06:30:00Z,17.346
2018-10-05T07:00:00Z,16.758
2018-10-05T07:30:00Z,15.834
2018-10-05T08:00:00Z,16.632
2018-10-05T08:30:00Z,14.301
2018-10-05T09:00:00Z,14.91
2018-10-05T09:30:00Z,13.293
2018-10-05T10:00:00Z,14.7
2018-10-05T10:30:00Z,13.86
2018-10-05T11:00:00Z,13.755
2018-10-05T11:30:00Z,12.138
2018-10-05T12:00:00Z,13.44
2018-10-05T12:30:00Z,12.558
2018-10-05T13:00:00Z,12.18
2018-10-05T13:30:00Z,12.138
2018-10-05T14:00:00Z,12.138
2018-10-05T14:30:00Z,13.02
2018-10-05T15:00:00Z,26.25
2018-10-05T15:30:00Z,28.98
2018-10-05T16:00:00Z,27.216
2018-10-05T16:30:00Z,30.072
2018-10-05T17:00:00Z,30.45
2018-10-05T17:30:00Z,32.277
2018-10-05T18:00:00Z,19.95
2018-10-05T18:30:00Z,18.27
2018-10-05T19:00:00Z,17.136
2018-10-05T19:30:00Z,13.02
2018-10-05T20:00:00Z,13.23
2018-10-05T20:30:00Z,13.02
2018-10-05T21:00:00Z,13.44
2018-10-05T21:30:00Z,12.327
2018-10-05T22:00:00Z,14.49
2018-10-05T22:30:00Z,14.49
2018-10-05T23:00:00Z,13.65
2018-10-05T23:30:00Z,11.97
2018-10-06T00:00:00Z,11.55
2018-10-06T00:30:00Z,13.272
2018-10-06T01:00:00Z,12.6
2018-10-06T01:30:00Z,11.235
2018-10-06T02:00:00Z,12.6
2018-10-06T02:30:00Z,11.592
2018-10-06T03:00:00Z,11.55
2018-10-06T03:30:00Z,11.55
2018-10-06T04:00:00Z,11.55
2018-10-06T04:30:00Z,11.445
2018-10-06T05:00:00Z,12.6
2018-10-06T05:30:00Z,11.76
2018-10-06T06:00:00Z,11.76
2018-10-06T06:30:00Z,13.86
2018-10-06T07:00:00Z,14.7
2018-10-06T07:30:00Z,15.75
2018-10-06T08:00:00Z,17.808
2018-10-06T08:30:00Z,17.85
2018-10-06T09:00:00Z,17.85
2018-10-06T09:30:00Z,17.136
2018-10-06T10:00:00Z,17.808
2018-10-06T10:30:00Z,16.8
2018-10-06T11:00:00Z,16.926
2018-10-06T11:30:00Z,15.96
2018-10-06T12:00:00Z,14.28
2018-10-06T12:30:00Z,11.76
2018-10-06T13:00:00Z,12.6
2018-10-06T13:30:00Z,11.55
2018-10-06T14:00:00Z,11.55
2018-10-06T14:30:00Z,12.39
2018-10-06T15:00:00Z,24.15
2018-10-06T15:30:00Z,25.305
2018-10-06T16:00:00Z,24.36
2018-10-06T16:30:00Z,28.98
2018-10-06T17:00:00Z,29.631
2018-10-06T17:30:00Z,32.403
2018-10-06T18:00:00Z,18.48
2018-10-06T18:30:00Z,17.43
2018-10-06T19:00:00Z,15.54
2018-10-06T19:30:00Z,13.44
2018-10-06T20:00:00Z,14.28
2018-10-06T20:30:00Z,14.07
2018-10-06T21:00:00Z,13.23
2018-10-06T21:30:00Z,11.97
2018-10-06T22:00:00Z,17.64
2018-10-06T22:30:00Z,17.64
2018-10-06T23:00:00Z,14.7
2018-10-06T23:30:00Z,13.23
2018-10-07T00:00:00Z,13.23
2018-10-07T00:30:00Z,14.7
2018-10-07T01:00:00Z,14.49
2018-10-07T01:30:00Z,13.02
2018-10-07T02:00:00Z,12.81
2018-10-07T02:30:00Z,13.125
2018-10-07T03:00:00Z,13.125
2018-10-07T03:30:00Z,13.125
2018-10-07T04:00:00Z,12.81
2018-10-07T04:30:00Z,12.81
2018-10-07T05:00:00Z,13.125
2018-10-07T05:30:00Z,14.49
2018-10-07T06:00:00Z,13.125
2018-10-07T06:30:00Z,14.49
2018-10-07T07:00:00Z,14.49
2018-10-07T07:30:00Z,15.036
2018-10-07T08:00:00Z,17.64
2018-10-07T08:30:00Z,17.64
2018-10-07T09:00:00Z,17.22
2018-10-07T09:30:00Z,16.38
2018-10-07T10:00:00Z,14.553
2018-10-07T10:30:00Z,13.314
2018-10-07T11:00:00Z,11.34
2018-10-07T11:30:00Z,11.34
2018-10-07T12:00:00Z,10.08
2018-10-07T12:30:00Z,9.912
2018-10-07T13:00:00Z,8.61
2018-10-07T13:30:00Z,9.45
2018-10-07T14:00:00Z,9.45
2018-10-07T14:30:00Z,10.71
2018-10-07T15:00:00Z,23.1
2018-10-07T15:30:00Z,24.675
2018-10-07T16:00:00Z,25.83
2018-10-07T16:30:00Z,29.19
2018-10-07T17:00:00Z,30.576
2018-10-07T17:30:00Z,32.76
2018-10-07T18:00:00Z,20.16
2018-10-07T18:30:00Z,19.362
2018-10-07T19:00:00Z,18.606
2018-10-07T19:30:00Z,13.44
2018-10-07T20:00:00Z,15.12
2018-10-07T20:30:00Z,12.369
2018-10-07T21:00:00Z,13.65
2018-10-07T21:30:00Z,10.71
2018-10-07T22:00:00Z,10.29
2018-10-07T22:30:00Z,10.71
2018-10-07T23:00:00Z,11.55
2018-10-07T23:30:00Z,10.584
2018-10-08T00:00:00Z,10.794
2018-10-08T00:30:00Z,11.382
2018-10-08T01:00:00Z,10.08
2018-10-08T01:30:00Z,10.08
2018-10-08T02:00:00Z,10.311
2018-10-08T02:30:00Z,10.311
2018-10-08T03:00:00Z,11.13
2018-10-08T03:30:00Z,11.55
2018-10-08T04:00:00Z,13.23
2018-10-08T04:30:00Z,13.65
2018-10-08T05:00:00Z,15.099
2018-10-08T05:30:00Z,14.07
2018-10-08T06:00:00Z,14.49
2018-10-08T06:30:00Z,19.572
2018-10-08T07:00:00Z,18.984
2018-10-08T07:30:00Z,16.8
2018-10-08T08:00:00Z,17.451
2018-10-08T08:30:00Z,14.028
2018-10-08T09:00:00Z,14.49
2018-10-08T09:30:00Z,12.411
2018-10-08T10:00:00Z,14.28
2018-10-08T10:30:00Z,12.453
2018-10-08T11:00:00Z,13.902
2018-10-08T11:30:00Z,12.495
2018-10-08T12:00:00Z,12.117
2018-10-08T12:30:00Z,11.865
2018-10-08T13:00:00Z,11.865
2018-10-08T13:30:00Z,11.865
2018-10-08T14:00:00Z,11.865
2018-10-08T14:30:00Z,12.516
2018-10-08T15:00:00Z,25.095
2018-10-08T15:30:00Z,27.363
2018-10-08T16:00:00Z,26.712
2018-10-08T16:30:00Z,30.45
2018-10-08T17:00:00Z,30.87
2018-10-08T17:30:00Z,31.899
2018-10-08T18:00:00Z,18.9
2018-10-08T18:30:00Z,18.27
2018-10-08T19:00:00Z,16.884
2018-10-08T19:30:00Z,12.6
2018-10-08T20:00:00Z,13.44
2018-10-08T20:30:00Z,11.949
2018-10-08T21:00:00Z,13.44
2018-10-08T21:30:00Z,11.55
2018-10-08T22:00:00Z,12.516
2018-10-08T22:30:00Z,11.676
2018-10-08T23:00:00Z,10.563
2018-10-08T23:30:00Z,9.24
2018-10-09T00:00:00Z,9.45
2018-10-09T00:30:00Z,9.555
2018-10-09T01:00:00Z,9.66
2018-10-09T01:30:00Z,8.946
2018-10-09T02:00:00Z,10.92
2018-10-09T02:30:00Z,10.563
2018-10-09T03:00:00Z,11.655
2018-10-09T03:30:00Z,11.697
2018-10-09T04:00:00Z,14.217
2018-10-09T04:30:00Z,14.28
2018-10-09T05:00:00Z,17.367
2018-10-09T05:30:00Z,15.75
2018-10-09T06:00:00Z,15.078
2018-10-09T06:30:00Z,19.32
2018-10-09T07:00:00Z,18.816
2018-10-09T07:30:00Z,16.59
2018-10-09T08:00:00Z,16.8
2018-10-09T08:30:00Z,13.65
2018-10-09T09:00:00Z,13.167
2018-10-09T09:30:00Z,11.949
2018-10-09T10:00:00Z,12.957
2018-10-09T10:30:00Z,11.928
2018-10-09T11:00:00Z,13.02
2018-10-09T11:30:00Z,12.096
2018-10-09T12:00:00Z,11.55
2018-10-09T12:30:00Z,11.298
2018-10-09T13:00:00Z,10.92
2018-10-09T13:30:00Z,11.55
2018-10-09T14:00:00Z,12.348
2018-10-09T14:30:00Z,14.133
2018-10-09T15:00:00Z,27.594
2018-10-09T15:30:00Z,27.72
2018-10-09T16:00:00Z,28.35
2018-10-09T16:30:00Z,30.66
2018-10-09T17:00:00Z,31.5
2018-10-09T17:30:00Z,33.432
2018-10-09T18:00:00Z,18.27
2018-10-09T18:30:00Z,17.808
2018-10-09T19:00:00Z,17.472
2018-10-09T19:30:00Z,13.293
2018-10-09T20:00:00Z,13.818
2018-10-09T20:30:00Z,13.02
2018-10-09T21:00:00Z,13.44
2018-10-09T21:30:00Z,12.39
2018-10-09T22:00:00Z,12.621
2018-10-09T22:30:00Z,11.55
2018-10-09T23:00:00Z,11.76
2018-10-09T23:30:00Z,11.34
2018-10-10T00:00:00Z,11.697
2018-10-10T00:30:00Z,12.39
2018-10-10T01:00:00Z,11.97
2018-10-10T01:30:00Z,12.18
2018-10-10T02:00:00Z,12.6
2018-10-10T02:30:00Z,13.44
2018-10-10T03:00:00Z,13.335
2018-10-10T03:30:00Z,13.188
2018-10-10T04:00:00Z,13.65
2018-10-10T04:30:00Z,13.44
2018-10-10T05:00:00Z,17.052
2018-10-10T05:30:00Z,17.64
2018-10-10T06:00:00Z,15.792
2018-10-10T06:30:00Z,19.95
2018-10-10T07:00:00Z,19.551
2018-10-10T07:30:00Z,17.22
2018-10-10T08:00:00Z,16.8
2018-10-10T08:30:00Z,13.02
2018-10-10T09:00:00Z,14.679
2018-10-10T09:30:00Z,12.18
2018-10-10T10:00:00Z,13.797
2018-10-10T10:30:00Z,12.18
2018-10-10T11:00:00Z,12.18
2018-10-10T11:30:00Z,11.76
2018-10-10T12:00:00Z,11.781
2018-10-10T12:30:00Z,11.634
2018-10-10T13:00:00Z,11.655
2018-10-10T13:30:00Z,11.55
2018-10-10T14:00:00Z,11.235
2018-10-10T14:30:00Z,11.613
2018-10-10T15:00:00Z,24.36
2018-10-10T15:30:00Z,27.384
2018-10-10T16:00:00Z,25.305
2018-10-10T16:30:00Z,28.14
2018-10-10T17:00:00Z,29.064
2018-10-10T17:30:00Z,31.5
2018-10-10T18:00:00Z,18.06
2018-10-10T18:30:00Z,16.17
2018-10-10T19:00:00Z,15.12
2018-10-10T19:30:00Z,12.705
2018-10-10T20:00:00Z,12.978
2018-10-10T20:30:00Z,12.18
2018-10-10T21:00:00Z,12.18
2018-10-10T21:30:00Z,10.836
2018-10-10T22:00:00Z,15.54
2018-10-10T22:30:00Z,12.642
2018-10-10T23:00:00Z,11.13
2018-10-10T23:30:00Z,9.24
2018-10-11T00:00:00Z,9.618
2018-10-11T00:30:00Z,10.752
2018-10-11T01:00:00Z,11.088
2018-10-11T01:30:00Z,10.5
2018-10-11T02:00:00Z,11.592
2018-10-11T02:30:00Z,11.55
2018-10-11T03:00:00Z,11.151
2018-10-11T03:30:00Z,11.34
2018-10-11T04:00:00Z,13.356
2018-10-11T04:30:00Z,13.02
2018-10-11T05:00:00Z,15.771
2018-10-11T05:30:00Z,14.7
2018-10-11T06:00:00Z,11.55
2018-10-11T06:30:00Z,14.91
2018-10-11T07:00:00Z,16.422
2018-10-11T07:30:00Z,14.91
2018-10-11T08:00:00Z,14.28
2018-10-11T08:30:00Z,13.335
2018-10-11T09:00:00Z,13.839
2018-10-11T09:30:00Z,12.81
2018-10-11T10:00:00Z,13.44
2018-10-11T10:30:00Z,12.747
2018-10-11T11:00:00Z,12.558
2018-10-11T11:30:00Z,11.718
2018-10-11T12:00:00Z,11.55
2018-10-11T12:30:00Z,10.92
2018-10-11T13:00:00Z,11.319
2018-10-11T13:30:00Z,10.92
2018-10-11T14:00:00Z,11.319
2018-10-11T14:30:00Z,11.76
2018-10-11T15:00:00Z,24.78
2018-10-11T15:30:00Z,27.3
2018-10-11T16:00:00Z,26.103
2018-10-11T16:30:00Z,28.98
2018-10-11T17:00:00Z,30.03
2018-10-11T17:30:00Z,32.55
2018-10-11T18:00:00Z,19.95
2018-10-11T18:30:00Z,19.95
2018-10-11T19:00:00Z,17.64
2018-10-11T19:30:00Z,13.86
2018-10-11T20:00:00Z,13.86
2018-10-11T20:30:00Z,11.97
2018-10-11T21:00:00Z,12.915
2018-10-11T21:30:00Z,11.655
2018-10-11T22:00:00Z,13.86
2018-10-11T22:30:00Z,14.91
2018-10-11T23:00:00Z,12.747
2018-10-11T23:30:00Z,12.6
2018-10-12T00:00:00Z,11.781
2018-10-12T00:30:00Z,12.18
2018-10-12T01:00:00Z,12.369
2018-10-12T01:30:00Z,10.5
2018-10-12T02:00:00Z,8.4
2018-10-12T02:30:00Z,7.56
2018-10-12T03:00:00Z,8.841
2018-10-12T03:30:00Z,7.35
2018-10-12T04:00:00Z,10.08
2018-10-12T04:30:00Z,11.55
2018-10-12T05:00:00Z,12.6
2018-10-12T05:30:00Z,12.6
2018-10-12T06:00:00Z,12.6
2018-10-12T06:30:00Z,14.532
2018-10-12T07:00:00Z,13.23
2018-10-12T07:30:00Z,13.209
2018-10-12T08:00:00Z,13.587
2018-10-12T08:30:00Z,12.6
2018-10-12T09:00:00Z,12.6
2018-10-12T09:30:00Z,12.18
2018-10-12T10:00:00Z,12.6
2018-10-12T10:30:00Z,12.495
2018-10-12T11:00:00Z,12.957
2018-10-12T11:30:00Z,11.97
2018-10-12T12:00:00Z,11.97
2018-10-12T12:30:00Z,10.5
2018-10-12T13:00:00Z,10.668
2018-10-12T13:30:00Z,10.08
2018-10-12T14:00:00Z,10.605
2018-10-12T14:30:00Z,11.55
2018-10-12T15:00:00Z,24.78
2018-10-12T15:30:00Z,26.208
2018-10-12T16:00:00Z,24.717
2018-10-12T16:30:00Z,28.308
2018-10-12T17:00:00Z,29.022
2018-10-12T17:30:00Z,31.08
2018-10-12T18:00:00Z,18.48
2018-10-12T18:30:00Z,16.17
2018-10-12T19:00:00Z,14.805
2018-10-12T19:30:00Z,12.537
2018-10-12T20:00:00Z,12.957
2018-10-12T20:30:00Z,11.886
2018-10-12T21:00:00Z,12.18
2018-10-12T21:30:00Z,11.319
2018-10-12T22:00:00Z,10.29
2018-10-12T22:30:00Z,10.5
2018-10-12T23:00:00Z,10.5
2018-10-12T23:30:00Z,10.71
2018-10-13T00:00:00Z,10.521
2018-10-13T00:30:00Z,11.13
2018-10-13T01:00:00Z,11.34
2018-10-13T01:30:00Z,10.92
2018-10-13T02:00:00Z,11.34
2018-10-13T02:30:00Z,11.34
2018-10-13T03:00:00Z,12.6
2018-10-13T03:30:00Z,12.39
2018-10-13T04:00:00Z,13.65
2018-10-13T04:30:00Z,13.23
2018-10-13T05:00:00Z,12.201
2018-10-13T05:30:00Z,11.928
2018-10-13T06:00:00Z,11.34
2018-10-13T06:30:00Z,13.944
2018-10-13T07:00:00Z,13.755
2018-10-13T07:30:00Z,13.86
2018-10-13T08:00:00Z,15.96
2018-10-13T08:30:00Z,16.17
2018-10-13T09:00:00Z,16.38
2018-10-13T09:30:00Z,15.4035
2018-10-13T10:00:00Z,13.86
2018-10-13T10:30:00Z,12.369
2018-10-13T11:00:00Z,12.222
2018-10-13T11:30:00Z,11.13
2018-10-13T12:00:00Z,10.92
2018-10-13T12:30:00Z,10.143
2018-10-13T13:00:00Z,10.143
2018-10-13T13:30:00Z,9.744
2018-10-13T14:00:00Z,9.933
2018-10-13T14:30:00Z,10.71
2018-10-13T15:00:00Z,22.953
2018-10-13T15:30:00Z,25.368
2018-10-13T16:00:00Z,23.94
2018-10-13T16:30:00Z,27.3
2018-10-13T17:00:00Z,31.5
2018-10-13T17:30:00Z,31.5
2018-10-13T18:00:00Z,18.9
2018-10-13T18:30:00Z,18.06
2018-10-13T19:00:00Z,16.716
2018-10-13T19:30:00Z,12.726
2018-10-13T20:00:00Z,13.86
2018-10-13T20:30:00Z,12.369
2018-10-13T21:00:00Z,12.306
2018-10-13T21:30:00Z,11.34
2018-10-13T22:00:00Z,12.6
2018-10-13T22:30:00Z,12.369
2018-10-13T23:00:00Z,12.348
2018-10-13T23:30:00Z,13.02
2018-10-14T00:00:00Z,13.02
2018-10-14T00:30:00Z,13.44
2018-10-14T01:00:00Z,13.65
2018-10-14T01:30:00Z,13.02
2018-10-14T02:00:00Z,13.44
2018-10-14T02:30:00Z,13.44
2018-10-14T03:00:00Z,14.406
2018-10-14T03:30:00Z,14.28
2018-10-14T04:00:00Z,15.75
2018-10-14T04:30:00Z,15.54
2018-10-14T05:00:00Z,15.54
2018-10-14T05:30:00Z,14.91
2018-10-14T06:00:00Z,11.76
2018-10-14T06:30:00Z,13.314
2018-10-14T07:00:00Z,12.18
2018-10-14T07:30:00Z,13.587
2018-10-14T08:00:00Z,12.6
2018-10-14T08:30:00Z,14.994
2018-10-14T09:00:00Z,16.8
2018-10-14T09:30:00Z,16.8
2018-10-14T10:00:00Z,16.695
2018-10-14T10:30:00Z,15.96
2018-10-14T11:00:00Z,17.64
2018-10-14T11:30:00Z,16.254
2018-10-14T12:00:00Z,15.792
2018-10-14T12:30:00Z,14.07
2018-10-14T13:00:00Z,12.642
2018-10-14T13:30:00Z,12.201
2018-10-14T14:00:00Z,11.97
2018-10-14T14:30:00Z,12.075
2018-10-14T15:00:00Z,25.935
2018-10-14T15:30:00Z,28.98
2018-10-14T16:00:00Z,26.46
2018-10-14T16:30:00Z,30.24
2018-10-14T17:00:00Z,29.967
2018-10-14T17:30:00Z,33.6
2018-10-14T18:00:00Z,20.58
2018-10-14T18:30:00Z,18.123
2018-10-14T19:00:00Z,17.85
2018-10-14T19:30:00Z,14.133
2018-10-14T20:00:00Z,16.611
2018-10-14T20:30:00Z,14.07
2018-10-14T21:00:00Z,13.65
2018-10-14T21:30:00Z,12.18
2018-10-14T22:00:00Z,13.02
2018-10-14T22:30:00Z,13.797
2018-10-14T23:00:00Z,13.86
2018-10-14T23:30:00Z,11.592
2018-10-15T00:00:00Z,12.81
2018-10-15T00:30:00Z,15.54
2018-10-15T01:00:00Z,14.7
2018-10-15T01:30:00Z,12.6
2018-10-15T02:00:00Z,11.55
2018-10-15T02:30:00Z,11.235
2018-10-15T03:00:00Z,11.613
2018-10-15T03:30:00Z,11.55
2018-10-15T04:00:00Z,13.02
2018-10-15T04:30:00Z,13.587
2018-10-15T05:00:00Z,14.49
2018-10-15T05:30:00Z,14.49
2018-10-15T06:00:00Z,13.398
2018-10-15T06:30:00Z,17.22
2018-10-15T07:00:00Z,16.044
2018-10-15T07:30:00Z,14.112
2018-10-15T08:00:00Z,17.22
2018-10-15T08:30:00Z,15.33
2018-10-15T09:00:00Z,17.22
2018-10-15T09:30:00Z,14.28
2018-10-15T10:00:00Z,16.38
2018-10-15T10:30:00Z,14.196
2018-10-15T11:00:00Z,15.75
2018-10-15T11:30:00Z,13.44
2018-10-15T12:00:00Z,15.12
2018-10-15T12:30:00Z,13.188
2018-10-15T13:00:00Z,14.7
2018-10-15T13:30:00Z,14.595
2018-10-15T14:00:00Z,13.02
2018-10-15T14:30:00Z,14.784
2018-10-15T15:00:00Z,25.095
2018-10-15T15:30:00Z,29.232
2018-10-15T16:00:00Z,28.35
2018-10-15T16:30:00Z,29.82
2018-10-15T17:00:00Z,32.949
2018-10-15T17:30:00Z,33.39
2018-10-15T18:00:00Z,18.312
2018-10-15T18:30:00Z,16.17
2018-10-15T19:00:00Z,15.54
2018-10-15T19:30:00Z,12.516
2018-10-15T20:00:00Z,15.456
2018-10-15T20:30:00Z,13.461
2018-10-15T21:00:00Z,13.02
2018-10-15T21:30:00Z,12.18
2018-10-15T22:00:00Z,14.07
2018-10-15T22:30:00Z,13.65
2018-10-15T23:00:00Z,11.97
2018-10-15T23:30:00Z,11.424
2018-10-16T00:00:00Z,11.55
2018-10-16T00:30:00Z,13.146
2018-10-16T01:00:00Z,12.768
2018-10-16T01:30:00Z,11.13
2018-10-16T02:00:00Z,11.55
2018-10-16T02:30:00Z,11.424
2018-10-16T03:00:00Z,10.92
2018-10-16T03:30:00Z,11.13
2018-10-16T04:00:00Z,13.713
2018-10-16T04:30:00Z,13.44
2018-10-16T05:00:00Z,15.75
2018-10-16T05:30:00Z,14.7
2018-10-16T06:00:00Z,14.28
2018-10-16T06:30:00Z,18.27
2018-10-16T07:00:00Z,17.157
2018-10-16T07:30:00Z,15.456
2018-10-16T08:00:00Z,16.38
2018-10-16T08:30:00Z,13.986
2018-10-16T09:00:00Z,15.12
2018-10-16T09:30:00Z,13.272
2018-10-16T10:00:00Z,14.49
2018-10-16T10:30:00Z,13.23
2018-10-16T11:00:00Z,14.7
2018-10-16T11:30:00Z,12.978
2018-10-16T12:00:00Z,13.608
2018-10-16T12:30:00Z,12.411
2018-10-16T13:00:00Z,12.411
2018-10-16T13:30:00Z,12.39
2018-10-16T14:00:00Z,12.18
2018-10-16T14:30:00Z,12.81
2018-10-16T15:00:00Z,24.78
2018-10-16T15:30:00Z,28.35
2018-10-16T16:00:00Z,26.46
2018-10-16T16:30:00Z,29.82
2018-10-16T17:00:00Z,30.24
2018-10-16T17:30:00Z,31.5
2018-10-16T18:00:00Z,17.64
2018-10-16T18:30:00Z,15.75
2018-10-16T19:00:00Z,15.666
2018-10-16T19:30:00Z,13.272
2018-10-16T20:00:00Z,13.398
2018-10-16T20:30:00Z,12.663
2018-10-16T21:00:00Z,13.44
2018-10-16T21:30:00Z,11.151
2018-10-16T22:00:00Z,11.76
2018-10-16T22:30:00Z,11.34
2018-10-16T23:00:00Z,11.907
2018-10-16T23:30:00Z,10.815
2018-10-17T00:00:00Z,11.3505
2018-10-17T00:30:00Z,12.18
2018-10-17T01:00:00Z,12.18
2018-10-17T01:30:00Z,11.76
2018-10-17T02:00:00Z,11.76
2018-10-17T02:30:00Z,11.844
2018-10-17T03:00:00Z,11.277
2018-10-17T03:30:00Z,11.151
2018-10-17T04:00:00Z,13.86
2018-10-17T04:30:00Z,13.692
2018-10-17T05:00:00Z,15.75
2018-10-17T05:30:00Z,15.75
2018-10-17T06:00:00Z,14.091
2018-10-17T06:30:00Z,18.27
2018-10-17T07:00:00Z,17.451
2018-10-17T07:30:00Z,15.855
2018-10-17T08:00:00Z,15.96
2018-10-17T08:30:00Z,15.12
2018-10-17T09:00:00Z,15.54
2018-10-17T09:30:00Z,13.86
2018-10-17T10:00:00Z,14.784
2018-10-17T10:30:00Z,13.335
2018-10-17T11:00:00Z,15.204
2018-10-17T11:30:00Z,13.524
2018-10-17T12:00:00Z,14.28
2018-10-17T12:30:00Z,12.936
2018-10-17T13:00:00Z,13.65
2018-10-17T13:30:00Z,12.936
2018-10-17T14:00:00Z,12.747
2018-10-17T14:30:00Z,14.91
2018-10-17T15:00:00Z,25.83
2018-10-17T15:30:00Z,30.072
2018-10-17T16:00:00Z,28.392
2018-10-17T16:30:00Z,31.164
2018-10-17T17:00:00Z,34.125
2018-10-17T17:30:00Z,34.125
2018-10-17T18:00:00Z,17.913
2018-10-17T18:30:00Z,15.33
2018-10-17T19:00:00Z,15.96
2018-10-17T19:30:00Z,14.175
2018-10-17T20:00:00Z,13.104
2018-10-17T20:30:00Z,13.335
2018-10-17T21:00:00Z,13.02
2018-10-17T21:30:00Z,11.97
2018-10-17T22:00:00Z,11.55
2018-10-17T22:30:00Z,11.55
2018-10-17T23:00:00Z,11.13
2018-10-17T23:30:00Z,10.815
2018-10-18T00:00:00Z,10.815
2018-10-18T00:30:00Z,12.6
2018-10-18T01:00:00Z,12.6
2018-10-18T01:30:00Z,11.109
2018-10-18T02:00:00Z,10.815
2018-10-18T02:30:00Z,10.752
2018-10-18T03:00:00Z,10.542
2018-10-18T03:30:00Z,10.815
2018-10-18T04:00:00Z,12.18
2018-10-18T04:30:00Z,12.18
2018-10-18T05:00:00Z,14.28
2018-10-18T05:30:00Z,13.44
2018-10-18T06:00:00Z,13.44
2018-10-18T06:30:00Z,17.85
2018-10-18T07:00:00Z,16.758
2018-10-18T07:30:00Z,15.099
2018-10-18T08:00:00Z,15.96
2018-10-18T08:30:00Z,14.112
2018-10-18T09:00:00Z,14.7
2018-10-18T09:30:00Z,13.356
2018-10-18T10:00:00Z,13.734
2018-10-18T10:30:00Z,12.6
2018-10-18T11:00:00Z,13.86
2018-10-18T11:30:00Z,12.18
2018-10-18T12:00:00Z,12.768
2018-10-18T12:30:00Z,12.012
2018-10-18T13:00:00Z,12.453
2018-10-18T13:30:00Z,11.823
2018-10-18T14:00:00Z,11.823
2018-10-18T14:30:00Z,12.453
2018-10-18T15:00:00Z,25.263
2018-10-18T15:30:00Z,29.526
2018-10-18T16:00:00Z,27.846
2018-10-18T16:30:00Z,32.298
2018-10-18T17:00:00Z,33.81
2018-10-18T17:30:00Z,34.9965
2018-10-18T18:00:00Z,21
2018-10-18T18:30:00Z,16.8
2018-10-18T19:00:00Z,15.75
2018-10-18T19:30:00Z,13.587
2018-10-18T20:00:00Z,12.81
2018-10-18T20:30:00Z,12.81
2018-10-18T21:00:00Z,12.81
2018-10-18T21:30:00Z,12.138
2018-10-18T22:00:00Z,11.76
2018-10-18T22:30:00Z,11.55
2018-10-18T23:00:00Z,11.13
2018-10-18T23:30:00Z,10.815
2018-10-19T00:00:00Z,10.941
2018-10-19T00:30:00Z,11.55
2018-10-19T01:00:00Z,11.55
2018-10-19T01:30:00Z,10.941
2018-10-19T02:00:00Z,11.025
2018-10-19T02:30:00Z,10.815
2018-10-19T03:00:00Z,10.815
2018-10-19T03:30:00Z,10.815
2018-10-19T04:00:00Z,11.76
2018-10-19T04:30:00Z,11.34
2018-10-19T05:00:00Z,13.713
2018-10-19T05:30:00Z,13.44
2018-10-19T06:00:00Z,12.81
2018-10-19T06:30:00Z,16.8
2018-10-19T07:00:00Z,15.813
2018-10-19T07:30:00Z,14.616
2018-10-19T08:00:00Z,16.38
2018-10-19T08:30:00Z,14.07
2018-10-19T09:00:00Z,14.7
2018-10-19T09:30:00Z,12.81
2018-10-19T10:00:00Z,13.23
2018-10-19T10:30:00Z,11.739
2018-10-19T11:00:00Z,12.18
2018-10-19T11:30:00Z,11.529
2018-10-19T12:00:00Z,11.508
2018-10-19T12:30:00Z,11.109
2018-10-19T13:00:00Z,11.529
2018-10-19T13:30:00Z,11.529
2018-10-19T14:00:00Z,11.55
2018-10-19T14:30:00Z,11.865
2018-10-19T15:00:00Z,24.15
2018-10-19T15:30:00Z,28.329
2018-10-19T16:00:00Z,25.41
2018-10-19T16:30:00Z,29.925
2018-10-19T17:00:00Z,32.76
2018-10-19T17:30:00Z,34.9965
2018-10-19T18:00:00Z,19.95
2018-10-19T18:30:00Z,17.325
2018-10-19T19:00:00Z,14.427
2018-10-19T19:30:00Z,13.02
2018-10-19T20:00:00Z,12.81
2018-10-19T20:30:00Z,12.432
2018-10-19T21:00:00Z,12.621
2018-10-19T21:30:00Z,11.676
2018-10-19T22:00:00Z,16.086
2018-10-19T22:30:00Z,14.91
2018-10-19T23:00:00Z,12.81
2018-10-19T23:30:00Z,12.18
2018-10-20T00:00:00Z,12.18
2018-10-20T00:30:00Z,12.81
2018-10-20T01:00:00Z,12.6
2018-10-20T01:30:00Z,11.97
2018-10-20T02:00:00Z,11.34
2018-10-20T02:30:00Z,11.34
2018-10-20T03:00:00Z,11.13
2018-10-20T03:30:00Z,11.13
2018-10-20T04:00:00Z,11.13
2018-10-20T04:30:00Z,11.13
2018-10-20T05:00:00Z,11.193
2018-10-20T05:30:00Z,10.92
2018-10-20T06:00:00Z,12.936
2018-10-20T06:30:00Z,14.427
2018-10-20T07:00:00Z,15.12
2018-10-20T07:30:00Z,16.38
2018-10-20T08:00:00Z,16.8
2018-10-20T08:30:00Z,16.8
2018-10-20T09:00:00Z,16.38
2018-10-20T09:30:00Z,14.259
2018-10-20T10:00:00Z,14.616
2018-10-20T10:30:00Z,12.81
2018-10-20T11:00:00Z,12.6
2018-10-20T11:30:00Z,11.55
2018-10-20T12:00:00Z,11.55
2018-10-20T12:30:00Z,11.34
2018-10-20T13:00:00Z,11.13
2018-10-20T13:30:00Z,11.13
2018-10-20T14:00:00Z,11.34
2018-10-20T14:30:00Z,11.55
2018-10-20T15:00:00Z,23.94
2018-10-20T15:30:00Z,25.515
2018-10-20T16:00:00Z,26.46
2018-10-20T16:30:00Z,30.03
2018-10-20T17:00:00Z,32.55
2018-10-20T17:30:00Z,33.369
2018-10-20T18:00:00Z,18.48
2018-10-20T18:30:00Z,17.01
2018-10-20T19:00:00Z,16.8
2018-10-20T19:30:00Z,14.091
2018-10-20T20:00:00Z,14.7
2018-10-20T20:30:00Z,12.6
2018-10-20T21:00:00Z,12.075
2018-10-20T21:30:00Z,11.76
2018-10-20T22:00:00Z,14.7
2018-10-20T22:30:00Z,14.091
2018-10-20T23:00:00Z,13.335
2018-10-20T23:30:00Z,13.125
2018-10-21T00:00:00Z,13.02
2018-10-21T00:30:00Z,13.356
2018-10-21T01:00:00Z,13.65
2018-10-21T01:30:00Z,13.23
2018-10-21T02:00:00Z,11.55
2018-10-21T02:30:00Z,9.87
2018-10-21T03:00:00Z,10.08
2018-10-21T03:30:00Z,8.232
2018-10-21T04:00:00Z,9.324
2018-10-21T04:30:00Z,9.408
2018-10-21T05:00:00Z,10.71
2018-10-21T05:30:00Z,11.445
2018-10-21T06:00:00Z,10.5
2018-10-21T06:30:00Z,10.5
2018-10-21T07:00:00Z,12.327
2018-10-21T07:30:00Z,12.6
2018-10-21T08:00:00Z,12.6
2018-10-21T08:30:00Z,12.6
2018-10-21T09:00:00Z,14.637
2018-10-21T09:30:00Z,13.86
2018-10-21T10:00:00Z,13.146
2018-10-21T10:30:00Z,12.285
2018-10-21T11:00:00Z,13.125
2018-10-21T11:30:00Z,12.6
2018-10-21T12:00:00Z,11.97
2018-10-21T12:30:00Z,11.97
2018-10-21T13:00:00Z,11.319
2018-10-21T13:30:00Z,11.34
2018-10-21T14:00:00Z,11.886
2018-10-21T14:30:00Z,12.39
2018-10-21T15:00:00Z,24.99
2018-10-21T15:30:00Z,27.51
2018-10-21T16:00:00Z,26.985
2018-10-21T16:30:00Z,30.45
2018-10-21T17:00:00Z,32.55
2018-10-21T17:30:00Z,33.6
2018-10-21T18:00:00Z,20.37
2018-10-21T18:30:00Z,18.165
2018-10-21T19:00:00Z,15.897
2018-10-21T19:30:00Z,13.65
2018-10-21T20:00:00Z,13.65
2018-10-21T20:30:00Z,11.928
2018-10-21T21:00:00Z,11.823
2018-10-21T21:30:00Z,10.647
2018-10-21T22:00:00Z,9.45
2018-10-21T22:30:00Z,10.563
2018-10-21T23:00:00Z,9.45
2018-10-21T23:30:00Z,8.232
2018-10-22T00:00:00Z,9.45
2018-10-22T00:30:00Z,11.76
2018-10-22T01:00:00Z,11.55
2018-10-22T01:30:00Z,9.45
2018-10-22T02:00:00Z,9.45
2018-10-22T02:30:00Z,9.45
2018-10-22T03:00:00Z,9.45
2018-10-22T03:30:00Z,10.563
2018-10-22T04:00:00Z,10.71
2018-10-22T04:30:00Z,11.34
2018-10-22T05:00:00Z,13.881
2018-10-22T05:30:00Z,10.563
2018-10-22T06:00:00Z,12.18
2018-10-22T06:30:00Z,15.96
2018-10-22T07:00:00Z,16.59
2018-10-22T07:30:00Z,15.792
2018-10-22T08:00:00Z,16.17
2018-10-22T08:30:00Z,14.49
2018-10-22T09:00:00Z,13.86
2018-10-22T09:30:00Z,12.6
2018-10-22T10:00:00Z,12.705
2018-10-22T10:30:00Z,11.76
2018-10-22T11:00:00Z,11.802
2018-10-22T11:30:00Z,11.382
2018-10-22T12:00:00Z,10.71
2018-10-22T12:30:00Z,10.71
2018-10-22T13:00:00Z,10.542
2018-10-22T13:30:00Z,10.71
2018-10-22T14:00:00Z,10.71
2018-10-22T14:30:00Z,11.445
2018-10-22T15:00:00Z,24.297
2018-10-22T15:30:00Z,27.72
2018-10-22T16:00:00Z,27.3
2018-10-22T16:30:00Z,30.45
2018-10-22T17:00:00Z,31.08
2018-10-22T17:30:00Z,32.592
2018-10-22T18:00:00Z,17.871
2018-10-22T18:30:00Z,14.7
2018-10-22T19:00:00Z,14.07
2018-10-22T19:30:00Z,11.928
2018-10-22T20:00:00Z,11.55
2018-10-22T20:30:00Z,10.71
2018-10-22T21:00:00Z,10.71
2018-10-22T21:30:00Z,9.072
2018-10-22T22:00:00Z,9.912
2018-10-22T22:30:00Z,9.87
2018-10-22T23:00:00Z,9.45
2018-10-22T23:30:00Z,9.408
2018-10-23T00:00:00Z,9.072
2018-10-23T00:30:00Z,10.08
2018-10-23T01:00:00Z,8.568
2018-10-23T01:30:00Z,7.896
2018-10-23T02:00:00Z,6.888
2018-10-23T02:30:00Z,6.888
2018-10-23T03:00:00Z,8.568
2018-10-23T03:30:00Z,8.904
2018-10-23T04:00:00Z,9.24
2018-10-23T04:30:00Z,10.248
2018-10-23T05:00:00Z,13.713
2018-10-23T05:30:00Z,13.083
2018-10-23T06:00:00Z,13.02
2018-10-23T06:30:00Z,15.75
2018-10-23T07:00:00Z,15.33
2018-10-23T07:30:00Z,14.49
2018-10-23T08:00:00Z,15.12
2018-10-23T08:30:00Z,12.705
2018-10-23T09:00:00Z,12.768
2018-10-23T09:30:00Z,12.18
2018-10-23T10:00:00Z,12.432
2018-10-23T10:30:00Z,12.012
2018-10-23T11:00:00Z,11.55
2018-10-23T11:30:00Z,10.71
2018-10-23T12:00:00Z,10.752
2018-10-23T12:30:00Z,10.584
2018-10-23T13:00:00Z,10.248
2018-10-23T13:30:00Z,10.395
2018-10-23T14:00:00Z,10.08
2018-10-23T14:30:00Z,10.752
2018-10-23T15:00:00Z,24.024
2018-10-23T15:30:00Z,25.83
2018-10-23T16:00:00Z,25.41
2018-10-23T16:30:00Z,29.379
2018-10-23T17:00:00Z,31.521
2018-10-23T17:30:00Z,32.571
2018-10-23T18:00:00Z,17.976
2018-10-23T18:30:00Z,15.75
2018-10-23T19:00:00Z,13.671
2018-10-23T19:30:00Z,12.264
2018-10-23T20:00:00Z,14.49
2018-10-23T20:30:00Z,11.676
2018-10-23T21:00:00Z,11.655
2018-10-23T21:30:00Z,10.5
2018-10-23T22:00:00Z,10.08
2018-10-23T22:30:00Z,9.975
2018-10-23T23:00:00Z,9.24
2018-10-23T23:30:00Z,9.072
2018-10-24T00:00:00Z,8.4
2018-10-24T00:30:00Z,9.24
2018-10-24T01:00:00Z,7.728
2018-10-24T01:30:00Z,7.665
2018-10-24T02:00:00Z,7.728
2018-10-24T02:30:00Z,7.77
2018-10-24T03:00:00Z,8.904
2018-10-24T03:30:00Z,9.408
2018-10-24T04:00:00Z,10.71
2018-10-24T04:30:00Z,10.71
2018-10-24T05:00:00Z,13.86
2018-10-24T05:30:00Z,12.6
2018-10-24T06:00:00Z,12.81
2018-10-24T06:30:00Z,15.204
2018-10-24T07:00:00Z,15.12
2018-10-24T07:30:00Z,15.12
2018-10-24T08:00:00Z,15.75
2018-10-24T08:30:00Z,13.86
2018-10-24T09:00:00Z,14.154
2018-10-24T09:30:00Z,12.684
2018-10-24T10:00:00Z,13.44
2018-10-24T10:30:00Z,12.936
2018-10-24T11:00:00Z,13.44
2018-10-24T11:30:00Z,12.39
2018-10-24T12:00:00Z,11.97
2018-10-24T12:30:00Z,11.424
2018-10-24T13:00:00Z,11.76
2018-10-24T13:30:00Z,11.76
2018-10-24T14:00:00Z,11.55
2018-10-24T14:30:00Z,12.264
2018-10-24T15:00:00Z,24.15
2018-10-24T15:30:00Z,27.048
2018-10-24T16:00:00Z,27.3
2018-10-24T16:30:00Z,30.24
2018-10-24T17:00:00Z,31.584
2018-10-24T17:30:00Z,32.55
2018-10-24T18:00:00Z,17.304
2018-10-24T18:30:00Z,15.12
2018-10-24T19:00:00Z,14.28
2018-10-24T19:30:00Z,12.18
2018-10-24T20:00:00Z,12.6
2018-10-24T20:30:00Z,11.55
2018-10-24T21:00:00Z,12.6
2018-10-24T21:30:00Z,12.012
2018-10-24T22:00:00Z,11.424
2018-10-24T22:30:00Z,12.6
2018-10-24T23:00:00Z,10.92
2018-10-24T23:30:00Z,10.815
2018-10-25T00:00:00Z,10.815
2018-10-25T00:30:00Z,11.13
2018-10-25T01:00:00Z,10.92
2018-10-25T01:30:00Z,10.815
2018-10-25T02:00:00Z,10.815
2018-10-25T02:30:00Z,10.815
2018-10-25T03:00:00Z,10.815
2018-10-25T03:30:00Z,10.857
2018-10-25T04:00:00Z,12.663
2018-10-25T04:30:00Z,13.02
2018-10-25T05:00:00Z,13.944
2018-10-25T05:30:00Z,13.65
2018-10-25T06:00:00Z,13.86
2018-10-25T06:30:00Z,15.897
2018-10-25T07:00:00Z,15.33
2018-10-25T07:30:00Z,15.561
2018-10-25T08:00:00Z,16.401
2018-10-25T08:30:00Z,14.385
2018-10-25T09:00:00Z,14.91
2018-10-25T09:30:00Z,13.713
2018-10-25T10:00:00Z,14.637
2018-10-25T10:30:00Z,13.86
2018-10-25T11:00:00Z,14.175
2018-10-25T11:30:00Z,13.23
2018-10-25T12:00:00Z,13.566
2018-10-25T12:30:00Z,13.461
2018-10-25T13:00:00Z,13.062
2018-10-25T13:30:00Z,12.789
2018-10-25T14:00:00Z,12.18
2018-10-25T14:30:00Z,12.6
2018-10-25T15:00:00Z,25.032
2018-10-25T15:30:00Z,28.707
2018-10-25T16:00:00Z,25.62
2018-10-25T16:30:00Z,29.715
2018-10-25T17:00:00Z,30.45
2018-10-25T17:30:00Z,31.5
2018-10-25T18:00:00Z,17.346
2018-10-25T18:30:00Z,14.28
2018-10-25T19:00:00Z,14.679
2018-10-25T19:30:00Z,12.81
2018-10-25T20:00:00Z,12.684
2018-10-25T20:30:00Z,12.18
2018-10-25T21:00:00Z,12.894
2018-10-25T21:30:00Z,11.004
2018-10-25T22:00:00Z,14.49
2018-10-25T22:30:00Z,12.6
2018-10-25T23:00:00Z,11.13
2018-10-25T23:30:00Z,10.815
2018-10-26T00:00:00Z,10.815
2018-10-26T00:30:00Z,12.012
2018-10-26T01:00:00Z,11.34
2018-10-26T01:30:00Z,10.605
2018-10-26T02:00:00Z,10.08
2018-10-26T02:30:00Z,10.08
2018-10-26T03:00:00Z,11.508
2018-10-26T03:30:00Z,10.962
2018-10-26T04:00:00Z,12.936
2018-10-26T04:30:00Z,12.873
2018-10-26T05:00:00Z,15.099
2018-10-26T05:30:00Z,14.28
2018-10-26T06:00:00Z,13.755
2018-10-26T06:30:00Z,17.22
2018-10-26T07:00:00Z,16.737
2018-10-26T07:30:00Z,16.737
2018-10-26T08:00:00Z,17.325
2018-10-26T08:30:00Z,15.54
2018-10-26T09:00:00Z,15.33
2018-10-26T09:30:00Z,13.881
2018-10-26T10:00:00Z,14.154
2018-10-26T10:30:00Z,12.81
2018-10-26T11:00:00Z,13.65
2018-10-26T11:30:00Z,12.6
2018-10-26T12:00:00Z,11.214
2018-10-26T12:30:00Z,10.773
2018-10-26T13:00:00Z,10.773
2018-10-26T13:30:00Z,10.731
2018-10-26T14:00:00Z,10.689
2018-10-26T14:30:00Z,10.878
2018-10-26T15:00:00Z,24.486
2018-10-26T15:30:00Z,27.51
2018-10-26T16:00:00Z,25.914
2018-10-26T16:30:00Z,28.812
2018-10-26T17:00:00Z,29.925
2018-10-26T17:30:00Z,30.24
2018-10-26T18:00:00Z,16.716
2018-10-26T18:30:00Z,13.86
2018-10-26T19:00:00Z,14.28
2018-10-26T19:30:00Z,12.054
2018-10-26T20:00:00Z,12.495
2018-10-26T20:30:00Z,11.55
2018-10-26T21:00:00Z,11.718
2018-10-26T21:30:00Z,10.962
2018-10-26T22:00:00Z,13.23
2018-10-26T22:30:00Z,12.663
2018-10-26T23:00:00Z,12.726
2018-10-26T23:30:00Z,10.92
2018-10-27T00:00:00Z,10.92
2018-10-27T00:30:00Z,12.852
2018-10-27T01:00:00Z,12.39
2018-10-27T01:30:00Z,12.39
2018-10-27T02:00:00Z,10.92
2018-10-27T02:30:00Z,10.836
2018-10-27T03:00:00Z,10.563
2018-10-27T03:30:00Z,10.71
2018-10-27T04:00:00Z,12.285
2018-10-27T04:30:00Z,12.327
2018-10-27T05:00:00Z,12.495
2018-10-27T05:30:00Z,11.97
2018-10-27T06:00:00Z,9.24
2018-10-27T06:30:00Z,11.34
2018-10-27T07:00:00Z,12.6
2018-10-27T07:30:00Z,13.398
2018-10-27T08:00:00Z,13.713
2018-10-27T08:30:00Z,13.713
2018-10-27T09:00:00Z,14.028
2018-10-27T09:30:00Z,13.44
2018-10-27T10:00:00Z,13.356
2018-10-27T10:30:00Z,13.23
2018-10-27T11:00:00Z,13.608
2018-10-27T11:30:00Z,12.096
2018-10-27T12:00:00Z,11.55
2018-10-27T12:30:00Z,11.529
2018-10-27T13:00:00Z,11.34
2018-10-27T13:30:00Z,11.34
2018-10-27T14:00:00Z,10.92
2018-10-27T14:30:00Z,11.97
2018-10-27T15:00:00Z,24.57
2018-10-27T15:30:00Z,25.62
2018-10-27T16:00:00Z,28.14
2018-10-27T16:30:00Z,31.605
2018-10-27T17:00:00Z,31.689
2018-10-27T17:30:00Z,31.605
2018-10-27T18:00:00Z,18.27
2018-10-27T18:30:00Z,15.477
2018-10-27T19:00:00Z,15.75
2018-10-27T19:30:00Z,11.76
2018-10-27T20:00:00Z,14.7
2018-10-27T20:30:00Z,10.92
2018-10-27T21:00:00Z,13.02
2018-10-27T21:30:00Z,12.39
2018-10-27T22:00:00Z,14.28
2018-10-27T22:30:00Z,11.97
2018-10-27T23:00:00Z,12.6
2018-10-27T23:30:00Z,10.92
2018-10-28T00:00:00Z,11.76
2018-10-28T00:30:00Z,10.29
2018-10-28T01:00:00Z,11.487
2018-10-28T01:30:00Z,11.025
2018-10-28T02:00:00Z,9.513
2018-10-28T02:30:00Z,9.45
2018-10-28T03:00:00Z,9.534
2018-10-28T03:30:00Z,9.45
2018-10-28T04:00:00Z,9.429
2018-10-28T04:30:00Z,9.429
2018-10-28T05:00:00Z,10.311
2018-10-28T05:30:00Z,10.521
2018-10-28T06:00:00Z,11.76
2018-10-28T06:30:00Z,11.97
2018-10-28T07:00:00Z,12.39
2018-10-28T07:30:00Z,11.76
2018-10-28T08:00:00Z,11.76
2018-10-28T08:30:00Z,11.76
2018-10-28T09:00:00Z,13.02
2018-10-28T09:30:00Z,12.453
2018-10-28T10:00:00Z,13.776
2018-10-28T10:30:00Z,12.243
2018-10-28T11:00:00Z,13.86
2018-10-28T11:30:00Z,13.23
2018-10-28T12:00:00Z,14.28
2018-10-28T12:30:00Z,14.28
2018-10-28T13:00:00Z,13.776
2018-10-28T13:30:00Z,13.65
2018-10-28T14:00:00Z,14.28
2018-10-28T14:30:00Z,14.28
2018-10-28T15:00:00Z,15.54
2018-10-28T15:30:00Z,17.22
2018-10-28T16:00:00Z,28.14
2018-10-28T16:30:00Z,34.9965
2018-10-28T17:00:00Z,34.9965
2018-10-28T17:30:00Z,34.9965
2018-10-28T18:00:00Z,34.9965
2018-10-28T18:30:00Z,34.9965
2018-10-28T19:00:00Z,18.648
2018-10-28T19:30:00Z,15.771
2018-10-28T20:00:00Z,15.96
2018-10-28T20:30:00Z,13.86
2018-10-28T21:00:00Z,14.28
2018-10-28T21:30:00Z,12.81
2018-10-28T22:00:00Z,13.44
2018-10-28T22:30:00Z,12.243
2018-10-28T23:00:00Z,10.5
2018-10-28T23:30:00Z,10.5
2018-10-29T00:00:00Z,13.587
2018-10-29T00:30:00Z,14.28
2018-10-29T01:00:00Z,10.353
2018-10-29T01:30:00Z,10.29
2018-10-29T02:00:00Z,10.29
2018-10-29T02:30:00Z,10.374
2018-10-29T03:00:00Z,12.873
2018-10-29T03:30:00Z,11.046
2018-10-29T04:00:00Z,12.18
2018-10-29T04:30:00Z,11.046
2018-10-29T05:00:00Z,10.92
2018-10-29T05:30:00Z,11.739
2018-10-29T06:00:00Z,10.71
2018-10-29T06:30:00Z,11.55
2018-10-29T07:00:00Z,13.02
2018-10-29T07:30:00Z,14.7
2018-10-29T08:00:00Z,14.7
2018-10-29T08:30:00Z,14.301
2018-10-29T09:00:00Z,15.54
2018-10-29T09:30:00Z,13.608
2018-10-29T10:00:00Z,13.65
2018-10-29T10:30:00Z,11.802
2018-10-29T11:00:00Z,11.76
2018-10-29T11:30:00Z,11.403
2018-10-29T12:00:00Z,11.76
2018-10-29T12:30:00Z,11.403
2018-10-29T13:00:00Z,11.76
2018-10-29T13:30:00Z,11.55
2018-10-29T14:00:00Z,11.76
2018-10-29T14:30:00Z,12.81
2018-10-29T15:00:00Z,13.44
2018-10-29T15:30:00Z,14.07
2018-10-29T16:00:00Z,28.35
2018-10-29T16:30:00Z,32.046
2018-10-29T17:00:00Z,34.167
2018-10-29T17:30:00Z,34.9965
2018-10-29T18:00:00Z,34.9965
2018-10-29T18:30:00Z,34.9965
2018-10-29T19:00:00Z,17.43
2018-10-29T19:30:00Z,15.12
2018-10-29T20:00:00Z,14.7
2018-10-29T20:30:00Z,13.86
2018-10-29T21:00:00Z,13.86
2018-10-29T21:30:00Z,11.76
2018-10-29T22:00:00Z,12.6
2018-10-29T22:30:00Z,10.5
2018-10-29T23:00:00Z,11.76
2018-10-29T23:30:00Z,11.55
2018-10-30T00:00:00Z,12.6
2018-10-30T00:30:00Z,12.684
2018-10-30T01:00:00Z,11.928
2018-10-30T01:30:00Z,11.025
2018-10-30T02:00:00Z,12.243
2018-10-30T02:30:00Z,11.76
2018-10-30T03:00:00Z,11.634
2018-10-30T03:30:00Z,11.025
2018-10-30T04:00:00Z,12.39
2018-10-30T04:30:00Z,12.264
2018-10-30T05:00:00Z,13.419
2018-10-30T05:30:00Z,12.6
2018-10-30T06:00:00Z,13.23
2018-10-30T06:30:00Z,12.6
2018-10-30T07:00:00Z,12.264
2018-10-30T07:30:00Z,15.96
2018-10-30T08:00:00Z,17.64
2018-10-30T08:30:00Z,16.59
2018-10-30T09:00:00Z,16.296
2018-10-30T09:30:00Z,14.28
2018-10-30T10:00:00Z,15.54
2018-10-30T10:30:00Z,13.44
2018-10-30T11:00:00Z,14.028
2018-10-30T11:30:00Z,13.272
2018-10-30T12:00:00Z,13.146
2018-10-30T12:30:00Z,12.768
2018-10-30T13:00:00Z,13.02
2018-10-30T13:30:00Z,12.81
2018-10-30T14:00:00Z,12.474
2018-10-30T14:30:00Z,13.23
2018-10-30T15:00:00Z,12.537
2018-10-30T15:30:00Z,13.692
2018-10-30T16:00:00Z,25.41
2018-10-30T16:30:00Z,30.051
2018-10-30T17:00:00Z,33.81
2018-10-30T17:30:00Z,34.9965
2018-10-30T18:00:00Z,33.579
2018-10-30T18:30:00Z,31.416
2018-10-30T19:00:00Z,16.59
2018-10-30T19:30:00Z,13.272
2018-10-30T20:00:00Z,13.944
2018-10-30T20:30:00Z,13.419
2018-10-30T21:00:00Z,14.385
2018-10-30T21:30:00Z,12.18
2018-10-30T22:00:00Z,13.251
2018-10-30T22:30:00Z,11.991
2018-10-30T23:00:00Z,12.558
2018-10-30T23:30:00Z,12.348
2018-10-31T00:00:00Z,12.852
2018-10-31T00:30:00Z,12.6
2018-10-31T01:00:00Z,11.76
2018-10-31T01:30:00Z,10.962
2018-10-31T02:00:00Z,10.878
2018-10-31T02:30:00Z,10.605
2018-10-31T03:00:00Z,10.815
2018-10-31T03:30:00Z,10.563
2018-10-31T04:00:00Z,10.878
2018-10-31T04:30:00Z,10.752
2018-10-31T05:00:00Z,12.39
2018-10-31T05:30:00Z,12.033
2018-10-31T06:00:00Z,14.469
2018-10-31T06:30:00Z,13.44
2018-10-31T07:00:00Z,14.721
2018-10-31T07:30:00Z,16.695
2018-10-31T08:00:00Z,15.96
2018-10-31T08:30:00Z,15.267
2018-10-31T09:00:00Z,15.981
2018-10-31T09:30:00Z,14.49
2018-10-31T10:00:00Z,15.12
2018-10-31T10:30:00Z,13.965
2018-10-31T11:00:00Z,13.923
2018-10-31T11:30:00Z,13.167
2018-10-31T12:00:00Z,13.44
2018-10-31T12:30:00Z,13.02
2018-10-31T13:00:00Z,13.125
2018-10-31T13:30:00Z,12.915
2018-10-31T14:00:00Z,12.432
2018-10-31T14:30:00Z,13.44
2018-10-31T15:00:00Z,13.02
2018-10-31T15:30:00Z,14.595
2018-10-31T16:00:00Z,26.88
2018-10-31T16:30:00Z,30.24
2018-10-31T17:00:00Z,30.45
2018-10-31T17:30:00Z,31.29
2018-10-31T18:00:00Z,30.87
2018-10-31T18:30:00Z,29.253
2018-10-31T19:00:00Z,15.12
2018-10-31T19:30:00Z,13.65
2018-10-31T20:00:00Z,12.999
2018-10-31T20:30:00Z,12.474
2018-10-31T21:00:00Z,13.23
2018-10-31T21:30:00Z,12.18
2018-10-31T22:00:00Z,12.243
2018-10-31T22:30:00Z,11.088
2018-10-31T23:00:00Z,10.5
2018-10-31T23:30:00Z,10.5
